MasterNLC,MasterASC,UniqueStationName,PrimaryNaptanStopArea
750,ABRd,Abbey Road,940GZZDLABR
5131,ABWr,Abbey Wood,910GABWD
1404,ACCr,Acton Central,910GACTNCTL
3000,AMLr,Acton Main Line,910GACTONML
500,ACTu,Acton Town,940GZZLUACT
9441,ADVt,Addington Village,940GZZCRADV
9440,ADSt,Addiscombe,940GZZCRADD
5132,AYPr,Albany Park,910GALBNYPK
502,ALDu,Aldgate,940GZZLUALD
503,ALEu,Aldgate East,940GZZLUADE
6025,AAPr,Alexandra Palace,910GALEXNDP
850,ALSd,All Saints,940GZZDLALL
505,ALPu,Alperton,940GZZLUALP
506,AMEu,Amersham,910GAMERSHM
9442,AMPt,Ampere Way,940GZZCRAMP
5397,ANYr,Anerley,910GANERLEY
507,ANGu,Angel,940GZZLUAGL
508,ARCu,Archway,940GZZLUACY
9443,ARNt,Arena,940GZZCRARA
509,AGRu,Arnos Grove,940GZZLUASG
510,ARLu,Arsenal,940GZZLUASL
9444,AVRt,Avenue Road,940GZZCRAVE
511,BSTu,Baker Street,940GZZLUBST
512,BALu,Balham LU,940GZZLUBLM
5399,BALr,Balham NR,910GBALHAM
513,BNKu,Bank and Monument,940GZZLUBNK
5348,BADr,Banstead,910GBANSTED
501,BARu,Barbican,940GZZLUBBN
514,BKGu,Barking,910GBARKING
515,BDEu,Barkingside,940GZZLUBKE
5089,BNHr,Barnehurst,910GBRNHRST
5551,BNSr,Barnes,910GBARNES
5580,BNIr,Barnes Bridge,910GBNSBDGE
516,BCTu,Barons Court,940GZZLUBSC
5420,BAKr,Battersea Park,910GBATRSPK
832,BPSu,Battersea Power Station,940GZZBPSUST
6006,BAYr,Bayford,910GBAYFORD
517,BAYu,Bayswater,940GZZLUBWT
5076,BECr,Beckenham Hill,910GBCKNHMH
5046,BKJr,Beckenham Junction,910GBCKNHMJ
9445,BCJt,Beckenham Junction Trams,940GZZCRBEK
9446,BCRt,Beckenham Road,940GZZCRBRD
895,BECd,Beckton,940GZZDLBEC
891,BEPd,Beckton Park,940GZZDLBPK
518,BECu,Becontree,940GZZLUBEC
9449,BDLt,Beddington Lane,940GZZCRBED
9450,BGWt,Belgrave Walk,940GZZCRBGV
5062,BGMr,Bellingham,910GBELNGHM
5350,BLMr,Belmont,910GBELM
519,BPKu,Belsize Park,940GZZLUBZP
5092,BVDr,Belvedere,910GBELVEDR
787,BERu,Bermondsey,940GZZLUBMY
5581,BRSr,Berrylands,910GBRLANDS
6961,BETr,Bethnal Green LO,910GBTHNLGR
520,BNGu,Bethnal Green LU,940GZZLUBLG
5093,BXYr,Bexley,910GBEXLEY
5094,BXHr,Bexleyheath,910GBXLYHTH
5063,BKLr,Bickley,910GBICKLEY
5401,BIKr,Birkbeck,910GBIRKBCK
9454,BKBt,Birkbeck Trams,940GZZCRBIR
521,BLFu,Blackfriars LU,940GZZLUBKF
5112,BFRr,Blackfriars NR,910GBLFR
5095,BKHr,Blackheath,910GBLKHTH
9459,BHLt,Blackhorse Lane,940GZZCRBLA
522,BHRu,Blackhorse Road,910GBLCHSRD
882,BLAd,Blackwall,940GZZDLBLA
524,BDSu,Bond Street,940GZZLUBND
525,BORu,Borough,940GZZLUBOR
526,BOSu,Boston Manor,940GZZLUBOS
527,BGRu,Bounds Green,940GZZLUBDS
851,BOCd,Bow Church,940GZZDLBOW
528,BWRu,Bow Road,940GZZLUBWR
6027,BOPr,Bowes Park,910GBOWESPK
529,BTXu,Brent Cross,940GZZLUBTX
5552,BFDr,Brentford,910GBNTFORD
6872,BREr,Brentwood,910GBRTWOOD
6810,BMDr,Brimsdown,910GBRIMSDN
778,BRXu,Brixton LU,940GZZLUBXN
5081,BRXr,Brixton NR,910GBRIXTON
5404,BCYr,Brockley,910GBROCKLY
5096,BMNr,Bromley North,910GBROMLYN
5064,BMSr,Bromley South,910GBROMLYS
530,BBBu,Bromley-by-Bow,940GZZLUBBB
1437,BSYr,Brondesbury,910GBRBY
1438,BSPr,Brondesbury Park,910GBRBYPK
6074,BPKr,Brookmans Park,910GBRKMNPK
6812,BXBr,Broxbourne,910GBROXBRN
6958,BCVr,Bruce Grove,910GBRUCGRV
531,BHLu,Buckhurst Hill,940GZZLUBKH
3176,BNMr,Burnham,910GBNHAM
532,BURu,Burnt Oak,940GZZLUBTK
6913,BHKr,Bush Hill Park,910GBHILLPK
1395,BSHr,Bushey,910GBUSHEY
534,CRDu,Caledonian Road,940GZZLUCAR
1439,CIRr,Caledonian Road & Barnsbury,910GCLDNNRB
6962,CBHr,Cambridge Heath,910GCAMHTH
1440,CMDr,Camden Road,910GCMDNRD
535,CTNu,Camden Town,940GZZLUCTN
788,CWRu,Canada Water,910GCNDAW
842,CAWd,Canary Wharf DLR,940GZZDLCAN
852,CWFu,Canary Wharf LU,940GZZLUCYF
884,CNTu,Canning Town,940GZZLUCGT
536,CSTu,Cannon Street LU,940GZZLUCST
5142,CSTr,Cannon Street NR,910GCANONST
1441,CNNr,Canonbury,910GCNNB
537,CPKu,Canons Park,940GZZLUCPK
1442,CPKr,Carpenders Park,910GCRPNDPK
5405,CSHr,Carshalton,910GCRSHLTN
5406,CSBr,Carshalton Beeches,910GCRSHLTB
3098,CBPr,Castle Bar Park,910GCBARPAR
5351,CATr,Caterham,910GCATERHM
5077,CTFr,Catford,910GCATFORD
5047,CFBr,Catford Bridge,910GCATFBDG
9488,TWRt,Centrale,940GZZCRCTR
6874,CTHr,Chadwell Heath,910GCHDWLHT
7447,CFHr,Chafford Hundred,910GCHADHDD
539,CLFu,Chalfont & Latimer,910GCHLFNAL
540,CHFu,Chalk Farm,940GZZLUCFM
541,CYLu,Chancery Lane,940GZZLUCHL
718,CHXu,Charing Cross LU,940GZZLUCHX
5143,CHXr,Charing Cross NR,910GCHRX
5144,CTNr,Charlton,910GCRLN
5352,CHEr,Cheam,910GCHEAM
5098,CLDr,Chelsfield,910GCHLSFLD
543,CHMu,Chesham,940GZZLUCSM
6814,CHNr,Cheshunt,910GCHESHNT
5582,CSNr,Chessington North,910GCHSSN
5554,CSSr,Chessington South,910GCHSSS
544,CHGu,Chigwell,940GZZLUCWL
6914,CHIr,Chingford,910GCHINGFD
5353,CHPr,Chipstead,910GCHSD
5099,CITr,Chislehurst,910GCHSLHRS
5583,CHKr,Chiswick,910GCHISWCK
545,CHPu,Chiswick Park,940GZZLUCWP
546,CWDu,Chorleywood,910GCHRW
9460,CSTt,Church Street,940GZZCRCHR
5121,CTKr,City Thameslink,910GCTMSLNK
547,CPCu,Clapham Common,940GZZLUCPC
5301,CLPr,Clapham High Street,910GCLPHHS
5595,CLJr,Clapham Junction,910GCLPHMJC
548,CPNu,Clapham North,940GZZLUCPN
549,CPSu,Clapham South,940GZZLUCPS
6926,CPTr,Clapton,910GCLAPTON
5048,CLKr,Clock House,910GCLOCKHS
550,CFSu,Cockfosters,940GZZLUCKS
551,COLu,Colindale,940GZZLUCND
552,CLWu,Colliers Wood,940GZZLUCSD
9464,COOt,Coombe Lane,940GZZCRCOO
5408,CDSr,Coulsdon South,910GCOLSDNS
5382,CDNr,Coulsdon Town,910GCOLSTWN
553,COVu,Covent Garden,940GZZLUCGN
5100,CRYr,Crayford,910GCRFD
6007,CWHr,Crews Hill,910GCRHL
1519,CRIr,Cricklewood,910GCRKLWD
5078,CFTr,Crofton Park,910GCFPK
854,CROd,Crossharbour,940GZZDLCLA
7406,CRHr,Crouch Hill,910GCROUCHH
554,CRXu,Croxley,940GZZLUCXY
5356,CYPr,Crystal Palace,910GCRYSTLP
6008,CUFr,Cuffley,910GCUFFLEY
887,CUHd,Custom House DLR,940GZZDLCUS
879,CUSd,Cutty Sark,940GZZDLCUT
893,CYPd,Cyprus,940GZZDLCYP
7440,DDKr,Dagenham Dock,910GDGNHMDC
555,DGEu,Dagenham East,940GZZLUDGE
556,DGHu,Dagenham Heathway,940GZZLUDGY
1443,DLJr,Dalston Junction,910GDALS
1429,DLKr,Dalston Kingsland,910GDALSKLD
5101,DFDr,Dartford,910GDARTFD
557,DEBu,Debden,940GZZLUDBN
5421,DMKr,Denmark Hill,910GDENMRKH
5145,DEPr,Deptford,910GDEPTFD
897,DEBd,Deptford Bridge,940GZZDLDEP
867,DERd,Devons Road,940GZZDLDEV
558,DHLu,Dollis Hill,940GZZLUDOH
3099,DRGr,Drayton Green,910GDRAYGRN
6000,DYPr,Drayton Park,910GDRYP
9468,DDRt,Dundonald Road,940GZZCRDDR
560,EBYu,Ealing Broadway,910GEALINGB
561,ECMu,Ealing Common,940GZZLUECM
562,ECTu,Earl's Court,940GZZLUECT
5584,EADr,Earlsfield,910GERLFLD
5414,ELDr,Earlswood,910GEARLSWD
563,EACu,East Acton,940GZZLUEAN
5355,ECRr,East Croydon,910GECROYDN
9470,ECRt,East Croydon Trams,940GZZCRECR
5358,EDWr,East Dulwich,910GEDULWCH
565,EFYu,East Finchley,940GZZLUEFY
566,EHMu,East Ham,940GZZLUEHM
883,EAId,East India,940GZZDLEIN
567,EPYu,East Putney,940GZZLUEPY
564,ETEu,Eastcote,940GZZLUEAE
5056,EDNr,Eden Park,910GEDPK
568,EDGu,Edgware,940GZZLUEGW
774,ERBu,Edgware Road (Bak),940GZZLUERB
569,ERDu,Edgware Road (DIS),940GZZLUERC
6941,EDRr,Edmonton Green,910GEDMNGRN
570,ELEu,Elephant & Castle LU,940GZZLUEAC
5246,EPHr,Elephant & Castle NR,910GELPHNAC
571,EPKu,Elm Park,940GZZLUEPK
5049,ELEr,Elmers End,910GELMERSE
9471,ELMt,Elmers End Trams,940GZZCRELM
5135,ESDr,Elmstead Woods,910GELMW
1542,ELSr,Elstree & Borehamwood,910GELTR
5103,ELWr,Eltham,910GELTHAM
898,ELRd,Elverson Road,940GZZDLELV
542,EMBu,Embankment,940GZZLUEMB
7473,EMPr,Emerson Park,910GEMRSPKH
6010,ENCr,Enfield Chase,910GENFC
6815,ENLr,Enfield Lock,910GENFLDLK
6959,ENFr,Enfield Town,910GENFLDTN
572,EPPu,Epping,940GZZLUEPG
5360,EPSr,Epsom,910GEPSM
5361,EPDr,Epsom Downs,910GEPSDNS
5104,ERHr,Erith,910GERITH
6004,EXRr,Essex Road,910GESSEXRD
574,EUSu,Euston LU,940GZZLUEUS
1444,EUSr,Euston NR,910GEUSTON
575,ESQu,Euston Square,940GZZLUESQ
5415,EWEr,Ewell East,910GEWELLE
5586,EWWr,Ewell West,910GEWELW
576,FLPu,Fairlop,940GZZLUFLP
5137,FCNr,Falconwood,910GFALCNWD
577,FARu,Farringdon,910GFRNDNLT
5559,FELr,Feltham,910GFELTHAM
7490,FSTr,Fenchurch Street,910GFENCHRS
9472,FLWt,Fieldway,940GZZCRFLD
578,FYCu,Finchley Central,940GZZLUFYC
579,FRDu,Finchley Road,940GZZLUFYR
1445,FNYr,Finchley Road & Frognal,910GFNCHLYR
580,FPKu,Finsbury Park,940GZZLUFPK
6876,FOGr,Forest Gate,910GFRSTGT
5362,FOHr,Forest Hill,910GFORESTH
581,FBYu,Fulham Broadway,940GZZLUFBY
5587,FLWr,Fulwell,910GFULWELL
894,GARd,Gallions Reach,940GZZDLGAL
582,GHLu,Gants Hill,940GZZLUGTH
5416,GTWr,Gatwick Airport,910GGTWK
9473,GSTt,George Street,940GZZCRCEN
6877,GDPr,Gidea Park,910GGIDEAPK
5363,GIPr,Gipsy Hill,910GGIPSYH
583,GRDu,Gloucester Road,940GZZLUGTR
584,GGRu,Golders Green,940GZZLUGGN
585,GHRu,Goldhawk Road,940GZZLUGHK
586,GSTu,Goodge Street,940GZZLUGDG
6878,GMYr,Goodmayes,910GGODMAYS
6028,GDHr,Gordon Hill,910GGORDONH
1409,GPOr,Gospel Oak,910GGOSPLOK
587,GRHu,Grange Hill,940GZZLUGGH
6029,GPKr,Grange Park,910GGRPK
9474,GVHt,Gravel Hill,940GZZCRGRA
7443,GRYr,Grays,910GGRAYS
588,GPSu,Great Portland Street,940GZZLUGPS
590,GPKu,Green Park,940GZZLUGPK
589,GFDu,Greenford,910GGFORD
928,GREd,Greenwich,910GGNWH
5139,GRPr,Grove Park,910GGRVPK
591,GUNu,Gunnersbury,910GGNRSBRY
5364,HCBr,Hackbridge,910GHKBG
6977,HKCr,Hackney Central,910GHACKNYC
6867,HACr,Hackney Downs,910GHAKNYNM
6978,HKWr,Hackney Wick,910GHACKNYW
6075,HDWr,Hadley Wood,910GHADLYWD
1022,HGGr,Haggerston,910GHAGGERS
592,HAIu,Hainault,940GZZLUHLT
593,HMDu,Hammersmith (DIS),940GZZLUHSD
773,HMSu,Hammersmith (H&C),940GZZLUHSC
594,HMPu,Hampstead,940GZZLUHTD
1413,HDHr,Hampstead Heath,910GHMPSTDH
5560,HMPr,Hampton,910GHAMPTON
5561,HMCr,Hampton Court,910GHCRT
5589,HMWr,Hampton Wick,910GHAMWICK
595,HLNu,Hanger Lane,940GZZLUHGR
3191,HANr,Hanwell,910GHANWELL
596,HARu,Harlesden,910GHARLSDN
6879,HROr,Harold Wood,910GHRLDWOD
1543,HPDr,Harpenden,910GHRPNDN
6012,HGYr,Harringay,910GHRGY
7401,HRYr,Harringay Green Lanes,910GHRGYGL
9475,HRDt,Harrington Road,940GZZCRHAR
597,HAWu,Harrow & Wealdstone,910GHROW
598,HOHu,Harrow-on-the-Hill,910GHAROOTH
1398,HTEr,Hatch End,910GHTCHEND
6070,HATr,Hatfield,910GHATFILD
779,HTXu,Hatton Cross,940GZZLUHNX
5289,HYRr,Haydons Road,910GHYDNSRD
3186,HAYr,Hayes & Harlington,910GHAYESAH
5050,HYSr,Hayes (Kent),910GHAYS
1434,HDLr,Headstone Lane,910GHEDSTNL
7091,HAFr,Heathrow Terminal 4 EL,910GHTRWTM4
781,HRFu,Heathrow Terminal 4 LU,940GZZLUHR4
9846,HWVr,Heathrow Terminal 5 EL,910GHTRWTM5
783,HRVu,Heathrow Terminal 5 LU,940GZZLUHR5
780,HRCu,Heathrow Terminals 123 LU,940GZZLUHRC
7090,HXXr,Heathrow Terminals 2 & 3 EL,910GHTRWAPT
1522,HENr,Hendon,910GHDON
601,HNDu,Hendon Central,940GZZLUHCL
5066,HNHr,Herne Hill,910GHERNEH
855,HEQd,Heron Quays,940GZZDLHEQ
6818,HFEr,Hertford East,910GHERTFDE
6085,HFNr,Hertford North,910GHFDN
602,HBTu,High Barnet,940GZZLUHBT
605,HSTu,High Street Kensington,940GZZLUHSK
6919,HIPr,Highams Park,910GHGHMSPK
603,HBYu,Highbury & Islington,910GHGHI
604,HIGu,Highgate,940GZZLUHGT
606,HDNu,Hillingdon,940GZZLUHGD
5107,HGRr,Hither Green,910GHTHRGRN
607,HOLu,Holborn,940GZZLUHBN
608,HPKu,Holland Park,940GZZLUHPK
609,HRDu,Holloway Road,940GZZLUHWY
6979,HMNr,Homerton,910GHOMRTON
5418,HPAr,Honor Oak Park,910GHONROPK
5365,HORr,Horley,910GHORLEY
610,HCHu,Hornchurch,940GZZLUHCH
6015,HRNr,Hornsey,910GHRNSY
5563,HOUr,Hounslow,910GHOUNSLW
611,HNCu,Hounslow Central,940GZZLUHWC
612,HNEu,Hounslow East,940GZZLUHWE
613,HNWu,Hounslow West,940GZZLUHWT
1023,HOXr,Hoxton,910GHOXTON
614,HPCu,Hyde Park Corner,940GZZLUHPC
615,ICKu,Ickenham,940GZZLUICK
6881,IFDr,Ilford,910GILFORD
9586,IMWr,Imperial Wharf,910GCSEAH
856,ISGd,Island Gardens,940GZZDLISL
5592,ISLr,Isleworth,910GISLEWTH
3170,IVRr,Iver,910GIVER
5419,KLYr,Kenley,910GKNLY
616,KENu,Kennington,940GZZLUKNG
617,KGNu,Kensal Green,910GKENSLG
1448,KNRr,Kensal Rise,910GKENR
618,OLYu,Kensington (Olympia),910GKENOLYM
5080,KTHr,Kent House,910GKENTHOS
619,KTNu,Kentish Town,910GKNTSHTN
1449,KTWr,Kentish Town West,910GKNTSHTW
620,KETu,Kenton,910GKTON
5593,KWBr,Kew Bridge,910GKEWBDGE
621,KEWu,Kew Gardens,910GKEWGRDN
5108,KDBr,Kidbrooke,910GKIDBROK
622,KILu,Kilburn,940GZZLUKBN
1415,KBNr,Kilburn High Road,910GKLBRNHR
623,KPKu,Kilburn Park,940GZZLUKPK
523,KGVd,King George V,940GZZDLKGV
9476,KHDt,King Henry's Drive,940GZZCRKGH
6121,KGXr,King's Cross,910GKNGX
625,KXXu,King's Cross St. Pancras,940GZZLUKSX
624,KBYu,Kingsbury,940GZZLUKBY
5565,KNGr,Kingston,910GKGSTON
5366,KNDr,Kingswood,910GKGWD
626,KNBu,Knightsbridge,940GZZLUKNB
5109,KCKr,Knockholt,910GKNCKHLT
627,LGRu,Ladbroke Grove,940GZZLULAD
5057,LADr,Ladywell,910GLDYW
628,LAMu,Lambeth North,940GZZLULBN
629,LANu,Lancaster Gate,940GZZLULGT
853,LAPd,Langdon Park,940GZZDLLDP
3171,LNYr,Langley,910GLANGLEY
630,LATu,Latimer Road,940GZZLULRD
6927,LEBr,Lea Bridge,910GLEABDGE
9477,LEBt,Lebanon Road,940GZZCRLEB
5110,LEEr,Lee,910GLEEE
631,LSQu,Leicester Square,940GZZLULSQ
940,LEWd,Lewisham DLR,940GZZDLLEW
5051,LEWr,Lewisham NR,910GLEWISHM
632,LEYu,Leyton,940GZZLULYN
7402,LEMr,Leyton Midland Road,910GLEYTNMR
633,LYSu,Leytonstone,940GZZLULYS
7403,LERr,Leytonstone High Road,910GLYTNSHR
862,LIMd,Limehouse DLR,940GZZDLLIM
7491,LHSr,Limehouse NR,910GLIMHSE
634,LSTu,Liverpool Street LU,940GZZLULVT
6965,LSTr,Liverpool Street NR,910GLIVST
9478,LPKt,Lloyd Park,940GZZCRLOY
635,LONu,London Bridge LU,940GZZLULNB
5148,LBGr,London Bridge NR,910GLNDNBDC
533,LCAd,London City Airport,940GZZDLLCA
6966,LOFr,London Fields,910GLONFLDS
5082,LGJr,Loughborough Junction,910GLBGHJN
636,LTNu,Loughton,940GZZLULGN
5053,LSYr,Lower Sydenham,910GLSYDNHM
3645,LTNr,Luton Airport Parkway,910GLUTOAPY
637,MDVu,Maida Vale,940GZZLUMVL
3147,MAIr,Maidenhead,910GMDNHEAD
5599,MALr,Malden Manor,910GMALDENM
638,MNRu,Manor House,940GZZLUMRH
6883,MNPr,Manor Park,910GMANRPK
639,MANu,Mansion House,940GZZLUMSH
640,MARu,Marble Arch,940GZZLUMBA
6970,MYLr,Maryland,910GMRYLAND
641,MYBu,Marylebone LU,940GZZLUMYB
1475,MYBr,Marylebone NR,910GMARYLBN
5149,MZHr,Maze Hill,910GMAZEH
6599,MRWr,Meridian Water,910GMWRWSTN
5475,MHMr,Merstham,910GMERSTHM
9479,MPKt,Merton Park,940GZZCRMTP
642,MLEu,Mile End,940GZZLUMED
1527,MILr,Mill Hill Broadway,910GMLHB
643,MHEu,Mill Hill East,940GZZLUMHL
9480,MTMt,Mitcham,940GZZCRMCH
5069,MTCr,Mitcham Eastfields,910GESTFLDS
5427,MIJr,Mitcham Junction,910GMITCHMJ
9481,MTJt,Mitcham Junction Trams,940GZZCRMJT
646,MPKu,Moor Park,940GZZLUMPK
645,MGTu,Moorgate,910GMRGT
647,MORu,Morden,940GZZLUMDN
9482,MRDt,Morden Road,940GZZCRMDN
5291,MDSr,Morden South,910GMORDENS
648,MCRu,Mornington Crescent,940GZZLUMTC
5600,MTLr,Mortlake,910GMRTLKE
5645,MOTr,Motspur Park,910GMOTSPRP
5118,MTGr,Mottingham,910GMOTNGHM
857,MUDd,Mudchute,940GZZDLMUD
649,NEAu,Neasden,940GZZLUNDN
9484,NADt,New Addington,940GZZCRNWA
6018,NBAr,New Barnet,910GNBARNET
5058,NBCr,New Beckenham,910GNBCKNHM
5150,NWXr,New Cross,910GNWCROSS
5345,NXGr,New Cross Gate,910GNEWXGTE
5119,NEHr,New Eltham,910GNWELTHM
5567,NEMr,New Malden,910GNEWMLDN
6019,NSGr,New Southgate,910GNEWSGAT
650,NEPu,Newbury Park,940GZZLUNBP
831,NIEu,Nine Elms,940GZZNEUGST
5568,NBTr,Norbiton,910GNRBITON
5428,NRBr,Norbury,910GNORBURY
653,NACu,North Acton,940GZZLUNAN
5429,NDLr,North Dulwich,910GNDULWCH
654,NELu,North Ealing,940GZZLUNEN
789,NOGu,North Greenwich,940GZZLUNGW
656,NHRu,North Harrow,940GZZLUNHA
5601,NSHr,North Sheen,910GNSHEEN
659,NWBu,North Wembley,910GNWEMBLY
655,NFDu,Northfields,940GZZLUNFD
657,NHTu,Northolt,940GZZLUNHT
1478,NLTr,Northolt Park,910GNTHOLTP
6971,NUMr,Northumberland Park,910GNMBRLPK
660,NWPu,Northwick Park,940GZZLUNKP
661,NWDu,Northwood,940GZZLUNOW
662,NWHu,Northwood Hills,940GZZLUNWH
5376,NWDr,Norwood Jn,910GNORWDJ
663,NHGu,Notting Hill Gate,940GZZLUNHG
5068,NHDr,Nunhead,910GNUNHEAD
6020,OKLr,Oakleigh Park,910GOKLGHPK
664,OAKu,Oakwood,940GZZLUOAK
7451,OCKr,Ockendon,910GOCKENDN
665,OLDu,Old Street,910GOLDST
5122,ORPr,Orpington,910GORPNGTN
667,OSTu,Osterley,940GZZLUOSY
668,OVLu,Oval,940GZZLUOVL
669,OXCu,Oxford Circus,940GZZLUOXC
3087,PADr,Paddington NR,910GPADTON
670,PADu,Paddington TfL,940GZZLUPAC
6021,PALr,Palmers Green,910GPALMRSG
671,PRYu,Park Royal,940GZZLUPKR
672,PGRu,Parsons Green,940GZZLUPSG
5423,PMRr,Peckham Rye,910GPCKHMRY
5072,PNEr,Penge East,910GPNGEE
5378,PNWr,Penge West,910GPENEW
673,PERu,Perivale,940GZZLUPVL
5123,PETr,Petts Wood,910GPETSWD
9485,PHLt,Phipps Bridge,940GZZCRPHI
674,PICu,Piccadilly Circus,940GZZLUPCC
776,PIMu,Pimlico,940GZZLUPCO
675,PINu,Pinner,940GZZLUPNR
676,PLWu,Plaistow,940GZZLUPLW
5208,PLUr,Plumstead,910GPLMS
6819,PONr,Ponders End,910GPNDRSEN
538,PDKd,Pontoon Dock,940GZZDLPDK
858,POPd,Poplar,940GZZDLPOP
6022,PBRr,Potters Bar,910GPOTRSBR
677,PRDu,Preston Road,940GZZLUPRD
888,PRRd,Prince Regent,940GZZDLPRE
859,PMLd,Pudding Mill Lane,940GZZDLPUD
7453,PFLr,Purfleet,910GPURFLET
5379,PURr,Purley,910GPURLEY
5430,PUOr,Purley Oaks,910GPURLEYO
5603,PUTr,Putney,910GPUTNEY
678,PUTu,Putney Bridge,940GZZLUPYB
680,QPKu,Queen's Park,910GQPRK
5424,QRPr,Queens Road Peckham,910GPCKHMQD
679,QBYu,Queensbury,940GZZLUQBY
5596,QRBr,Queenstown Road (Battersea),910GQTRDBAT
681,QWYu,Queensway,940GZZLUQWY
1546,RDTr,Radlett,910GRADLETT
7454,RNMr,Rainham (Essex),910GRNHAME
5083,RVBr,Ravensbourne,910GRBRN
682,RCPu,Ravenscourt Park,940GZZLURVP
683,RAYu,Rayners Lane,940GZZLURYL
5569,RAYr,Raynes Park,910GRAYNSPK
3149,RDGr,Reading,910GRDNGSTN
6967,RECr,Rectory Road,910GRCTRYRD
684,REDu,Redbridge,940GZZLURBG
5478,RDHr,Redhill,910GREDHILL
5431,RHMr,Reedham,910GREEDHMS
9486,RVCt,Reeves Corner,940GZZCRRVC
685,RPKu,Regent's Park,940GZZLURGP
686,RMDu,Richmond,910GRICHMND
687,RKYu,Rickmansworth,910GRCKMNSW
5432,RDDr,Riddlesdown,910GRDLSDWN
688,RODu,Roding Valley,940GZZLURVY
6886,RMFr,Romford,910GROMFORD
1039,ROEr,Rotherhithe,910GRTHERHI
890,ROAd,Royal Albert,940GZZDLRAL
690,ROYu,Royal Oak,940GZZLURYO
886,ROVd,Royal Victoria,940GZZDLRVC
691,RUIu,Ruislip,940GZZLURSP
692,RUGu,Ruislip Gardens,940GZZLURSG
693,RUMu,Ruislip Manor,940GZZLURSM
694,RSQu,Russell Square,940GZZLURSQ
6820,RYHr,Rye House,910GRYEHOUS
5380,SAFr,Salfords,910GSALFDS
5433,SNRr,Sanderstead,910GSDSD
9487,SANt,Sandilands,940GZZCRSAN
5434,SRSr,Selhurst,910GSELHRST
6893,SVKr,Seven Kings,910GSVNKNGS
698,SVSu,Seven Sisters,910GSEVNSIS
860,SHAd,Shadwell DLR,940GZZDLSHA
1082,SDEr,Shadwell LO,910GSHADWEL
6888,SNFr,Shenfield,910GSHENFLD
700,SBCu,Shepherd's Bush LU,940GZZLUSBC
775,SBMu,Shepherd's Bush Market,940GZZLUSBM
9587,SPBr,Shepherd's Bush NR,910GSHPDSB
1024,SDCr,Shoreditch High Street,910GSHRDHST
5084,SRTr,Shortlands,910GSHRTLND
5125,SIDr,Sidcup,910GSIDCUP
6972,SLVr,Silver Street,910GSIVRST
5154,SGRr,Slade Green,910GSLADEGN
702,SSQu,Sloane Square,940GZZLUSSQ
3172,SLOr,Slough,910GSLOUGH
703,SNBu,Snaresbrook,940GZZLUSNB
1452,SATr,South Acton,910GSACTON
5425,SBMr,South Bermondsey,910GSBRMNDS
5410,SCYr,South Croydon,910GSCROYDN
704,SELu,South Ealing,940GZZLUSEA
3138,SGNr,South Greenford,910GSGFORD
1451,SOHr,South Hampstead,910GSHMPSTD
707,SHRu,South Harrow,940GZZLUSHH
708,SKNu,South Kensington,940GZZLUSKS
709,SKTu,South Kenton,910GSKENTON
5292,SMOr,South Merton,910GSMERTON
861,SOQd,South Quay,940GZZDLSOQ
710,SRPu,South Ruislip,910GSRUISLP
7404,STOr,South Tottenham,910GSTOTNHM
711,SWMu,South Wimbledon,940GZZLUSWN
712,SWFu,South Woodford,940GZZLUSWF
3187,STLr,Southall,910GSTHALL
6947,SBUr,Southbury,910GSBURY
705,SFSu,Southfields,940GZZLUSFS
706,SGTu,Southgate,940GZZLUSGT
784,SWKu,Southwark,940GZZLUSWK
1548,SACr,St Albans City,910GSTALBCY
6973,SJSr,St James Street,910GSTJMSST
6821,SMTr,St Margarets (Hertfordshire),910GSMARGRT
5290,SIHr,St Helier,910GSHLIER
695,SJPu,St James's Park,940GZZLUSJP
5059,SAJr,St Johns,910GSTJOHNS
696,SJWu,St John's Wood,940GZZLUSJW
5604,SMGr,St Margaret's (Greater London),910GSTMGTS
5073,SMYr,St Mary Cray,910GSTMRYC
1555,STPr,St Pancras International,910GSTPX
697,STPu,St Paul's,940GZZLUSPU
713,STBu,Stamford Brook,940GZZLUSFB
6968,SMHr,Stamford Hill,910GSTMFDHL
714,STAu,Stanmore,940GZZLUSTM
889,STLd,Star Lane,940GZZDLSTL
715,STGu,Stepney Green,940GZZLUSGN
716,STKu,Stockwell,940GZZLUSKW
6934,SKWr,Stoke Newington,910GSTKNWNG
717,SPKu,Stonebridge Park,910GSTNBGPK
5606,SNLr,Stoneleigh,910GSTLEIGH
719,SFDu,Stratford,910GSTFD
749,SHSd,Stratford High Street,940GZZDLSHS
504,STId,Stratford International DLR,940GZZDLSIT
7222,SFAr,Stratford International NR,910GSTFODOM
5607,STWr,Strawberry Hill,910GSTRWBYH
5383,STEr,Streatham,910GSTRETHM
5384,SRCr,Streatham Common,910GSTRHCOM
5435,SRHr,Streatham Hill,910GSTRHILL
1483,SUDr,Sudbury & Harrow Road,910GSDBRYHR
720,SHLu,Sudbury Hill,940GZZLUSUH
1484,SDHr,Sudbury Hill Harrow,910GSDBRYHH
721,STNu,Sudbury Town,940GZZLUSUT
5155,SUPr,Sundridge Park,910GSNDP
5571,SURr,Surbiton,910GSURBITN
1083,SQEr,Surrey Quays,910GSURREYQ
5385,SUOr,Sutton (Surrey),910GSUTTON
5436,SUCr,Sutton Common,910GSUTTONC
5075,SAYr,Swanley,910GSWLY
723,SWCu,Swiss Cottage,940GZZLUSWC
5437,SYDr,Sydenham,910GSYDENHM
5085,SYHr,Sydenham Hill,910GSYDNHMH
5609,SYLr,Syon Lane,910GSYONLA
5386,TADr,Tadworth,910GTADWTH
3151,TAPr,Taplow,910GTAPLOW
5387,TATr,Tattenham Corner,910GTATNHMC
5572,TEDr,Teddington,910GTEDNGTN
724,TEMu,Temple,940GZZLUTMP
5610,THDr,Thames Ditton,910GTDITTON
6949,TEOr,Theobalds Grove,910GTHBLDSG
9491,TPLt,Therapia Lane,940GZZCRTPA
725,THBu,Theydon Bois,940GZZLUTHB
5388,TTHr,Thornton Heath,910GTHTH
5573,TOLr,Tolworth,910GTOLWTH
5389,TOOr,Tooting,910GTOOTING
726,TBEu,Tooting Bec,940GZZLUTBC
727,TBYu,Tooting Broadway,940GZZLUTBY
728,TCRu,Tottenham Court Road,940GZZLUTCR
729,TTHu,Tottenham Hale LU,940GZZLUTMH
6951,TOMr,Tottenham Hale NR,910GTTNHMHL
730,TOTu,Totteridge & Whetstone,940GZZLUTAW
864,TOGd,Tower Gateway,940GZZDLTWG
731,THLu,Tower Hill,940GZZLUTWH
733,TPKu,Tufnell Park,940GZZLUTFP
5390,TUHr,Tulse Hill,910GTULSEH
6952,TURr,Turkey Street,910GTURKYST
734,TGRu,Turnham Green,940GZZLUTNG
735,TPLu,Turnpike Lane,940GZZLUTPN
5574,TWIr,Twickenham,910GTWCKNHM
3155,TWYr,Twyford,910GTWYFORD
736,UPMu,Upminster,910GUPMNSTR
737,UPBu,Upminster Bridge,940GZZLUUPB
738,UPYu,Upney,940GZZLUUPY
1524,UHLr,Upper Holloway,910GUPRHLWY
5391,UWLr,Upper Warlingham,910GUWRLNGH
739,UPKu,Upton Park,940GZZLUUPK
740,UXBu,Uxbridge,940GZZLUUXB
777,VUXu,Vauxhall LU,940GZZLUVXL
5597,VXHr,Vauxhall NR,910GVAUXHLM
741,VICu,Victoria LU,940GZZLUVIC
5426,VICr,Victoria NR,910GVICTRIC
5392,WDOr,Waddon,910GWADDON
9497,WDMt,Waddon Marsh,940GZZCRWAD
5394,WLTr,Wallington,910GWALNGTN
6823,WLCr,Waltham Cross,910GWALHAMX
742,WALu,Walthamstow Central,910GWLTWCEN
7407,WMWr,Walthamstow Queen's Road,910GWLTHQRD
9498,WPKt,Wandle Park,940GZZCRWAN
5395,WSWr,Wandsworth Common,910GWANDCMN
5372,WWRr,Wandsworth Road,910GWNDSWRD
5576,WNTr,Wandsworth Town,910GWDWTOWN
743,WANu,Wanstead,940GZZLUWSD
7408,WNPr,Wanstead Park,910GWNSTDPK
1085,WPEr,Wapping,910GWAPPING
6824,WARr,Ware,910GWARE
745,WSTu,Warren Street,940GZZLUWRR
746,WARu,Warwick Avenue,940GZZLUWKA
5158,WAEr,Waterloo East,910GWLOE
747,WLOu,Waterloo LU,940GZZLUWLO
5598,WATr,Waterloo NR,910GWATRLMN
748,WATu,Watford,940GZZLUWAF
1455,WFHr,Watford High Street,910GWATFDHS
1402,WFJr,Watford Junction,910GWATFDJ
6073,WMGr,Welham Green,910GWELHAMG
9499,WLRt,Wellesley Road,940GZZCRWEL
5128,WLIr,Welling,910GWELLING
6183,WGCr,Welwyn Garden City,910GWLWYNGC
751,WEMu,Wembley Central,910GWMBY
752,WPKu,Wembley Park,940GZZLUWYP
1509,WCXr,Wembley Stadium,910GWEMBLSM
753,WACu,West Acton,940GZZLUWTA
755,WBTu,West Brompton,910GWBRMPTN
5411,WCYr,West Croydon NR,910GWCROYDN
8776,WCRt,West Croydon Trams,940GZZCRWCR
3174,WDTr,West Drayton,910GWDRYTON
5086,WDUr,West Dulwich,910GWDULWCH
3188,WEAr,West Ealing,910GWEALING
756,WFYu,West Finchley,940GZZLUWFN
757,WHMu,West Ham,910GWHAMHL
1421,WHDr,West Hampstead LO,910GWHMDSTD
758,WHDu,West Hampstead LU,940GZZLUWHP
1525,WHPr,West Hampstead NR,910GWHMPSTM
759,WHRu,West Harrow,940GZZLUWHW
866,WIQd,West India Quay,940GZZDLWIQ
760,WKNu,West Kensington,940GZZLUWKN
5438,WNWr,West Norwood,910GWNORWOD
762,WRPu,West Ruislip,910GWRUISLP
559,WSId,West Silvertown,940GZZDLWSV
5293,WSUr,West Sutton,910GWSUTTON
5054,WWIr,West Wickham,910GWWICKHM
754,WBPu,Westbourne Park,940GZZLUWSP
5151,WCBr,Westcombe Park,910GWCOMBEP
865,WESd,Westferry,940GZZDLWFE
761,WMSu,Westminster,940GZZLUWSM
764,WCTu,White City,940GZZLUWCY
6956,WHLr,White Hart Lane,910GWHHRTLA
763,WCLu,Whitechapel,910GWCHAPEL
5611,WTNr,Whitton,910GWHTTON
5396,WHYr,Whyteleafe,910GWHYTELF
5439,WHSr,Whyteleafe South,910GWHYTLFS
765,WLGu,Willesden Green,940GZZLUWIG
766,WJNu,Willesden Junction,910GWLSDJHL
767,WIMu,Wimbledon,910GWIMBLDN
5612,WBOr,Wimbledon Chase,910GWIMLCHS
768,WMPu,Wimbledon Park,940GZZLUWIP
8777,WMBt,Wimbledon Trams,940GZZCRWMB
6024,WIHr,Winchmore Hill,910GWNMHILL
770,WGNu,Wood Green,940GZZLUWOG
599,WDLu,Wood Lane,940GZZLUWLA
6954,WSTr,Wood Street,910GWDST
769,WFDu,Woodford,940GZZLUWOF
7467,WGRr,Woodgrange Park,910GWDGRNPK
5441,WMEr,Woodmansterne,910GWDMNSTR
8779,WDSt,Woodside,940GZZCRWOD
771,WSPu,Woodside Park,940GZZLUWOP
6562,WWCr,Woolwich EL,910GWOLWXR
573,WOAd,Woolwich Arsenal,910GWOLWCHA
5153,WWDr,Woolwich Dockyard,910GWOLWCDY
5579,WCPr,Worcester Park,910GWRCSTRP
3018,BNEr,Bourne End,910GBORNEND
3019,COOr,Cookham,910GCOOKHAM
3144,FZPr,Furze Platt,910GFURZEP
3146,HOTr,Henley-on-Thames,910GHNLYOT
3021,MLWr,Marlow,910GMARLOW
3150,SHIr,Shiplake,910GSHPLAKE
3158,WGVr,Wargrave,910GWARGRAV
3175,WNCr,Windsor & Eton Central,910GWINDSEC
